vehicle_id,registration,make_model,city,as_of,risk_prob,risk_tier,top_reasons,recommended_service,service_overdue_pct,service_cost_pkr,expected_loss_pkr,net_saving_pkr
46,BAB-21-6978,Toyota Hiace,Karachi,2026-01-01,0.646,High,"vehicle age (yrs) = 5.0; overdue-service load = 0.3; km since brake service = 37,676.0",Brake Inspection,88,25300.0,167700.0,75300.0
30,ICT-21-8679,Toyota Hiace,Islamabad,2026-01-01,0.605,High,"vehicle age (yrs) = 5.0; overdue-service load = 0.2; km since brake service = 31,375.0",Brake Inspection,57,25300.0,157100.0,68900.0
24,ICT-20-4930,Toyota Hiace,Islamabad,2026-01-01,0.541,High,"vehicle age (yrs) = 6.0; overdue-service load = 0.2; km since brake service = 26,616.0",Engine Tune-Up,49,35100.0,140400.0,49100.0
33,ICT-20-8394,Isuzu NPR,Islamabad,2026-01-01,0.54,High,vehicle age (yrs) = 6.0; overdue-service load = 0.2; lub oil temp mean4w = 79.0,Engine Tune-Up,61,56200.0,193900.0,60200.0
4,LEA-22-2030,Toyota Hiace,Lahore,2026-01-01,0.527,High,"vehicle age (yrs) = 4.0; overdue-service load = 0.2; km since brake service = 24,890.0",Engine Tune-Up,59,35100.0,136700.0,46900.0
48,BAB-22-4657,Toyota Hiace,Karachi,2026-01-01,0.487,High,"vehicle age (yrs) = 4.0; km since brake service = 25,396.0; lub oil temp mean4w = 82.3",Brake Inspection,27,25300.0,126300.0,50500.0
58,BAB-20-7500,Mercedes Sprinter,Karachi,2026-01-01,0.384,High,"vehicle age (yrs) = 6.0; km since brake service = 25,759.0; preventive 90d = 3.0",Brake Inspection,29,35400.0,98700.0,23800.0
32,ICT-22-3105,Isuzu NPR,Islamabad,2026-01-01,0.342,High,"vehicle age (yrs) = 4.0; km since transmission service = 66,876.0; overdue-service load = 0.1",Coolant Flush,29,20200.0,122700.0,53400.0
14,LEA-21-6711,Isuzu NPR,Lahore,2026-01-01,0.319,High,"vehicle age (yrs) = 5.0; km since brake service = 22,939.0; lub oil temp mean4w = 80.6",Brake Inspection,15,40500.0,114600.0,28300.0
35,ICT-23-8700,Isuzu NPR,Islamabad,2026-01-01,0.296,Medium,"km since brake service = 26,069.0; overdue-service load = 0.1; km since engine tune-up = 34,485.0",Brake Inspection,30,40500.0,106300.0,23300.0
57,BAB-22-7943,Mercedes Sprinter,Karachi,2026-01-01,0.272,Medium,"vehicle age (yrs) = 4.0; km since transmission service = 75,959.0; fuel efficiency change = 0.0",Transmission Service,27,108200.0,70000.0,-66200.0
19,LEA-21-8153,Mercedes Sprinter,Lahore,2026-01-01,0.271,Medium,"vehicle age (yrs) = 5.0; km since transmission service = 79,759.0; fuel efficiency vs rated = 0.9",Transmission Service,33,108200.0,69700.0,-66400.0
27,ICT-21-3488,Toyota Hiace,Islamabad,2026-01-01,0.267,Medium,"vehicle age (yrs) = 5.0; km since brake service = 25,756.0; fuel efficiency vs rated = 1.0",Brake Inspection,29,25300.0,69200.0,16200.0
17,LEA-21-1815,Mercedes Sprinter,Lahore,2026-01-01,0.259,Medium,vehicle age (yrs) = 5.0; engine rpm mean4w = 849.0; km per l rated = 7.3,Coolant Flush,24,17700.0,66500.0,22200.0
15,LEA-22-6087,Isuzu NPR,Lahore,2026-01-01,0.25,Medium,"vehicle age (yrs) = 4.0; lub oil temp mean4w = 79.5; km since transmission service = 60,421.0",Engine Tune-Up,3,56200.0,89700.0,-2400.0
45,BAB-23-9963,Toyota Hiace,Karachi,2026-01-01,0.249,Medium,"fuel efficiency change = 0.0; km since transmission service = 95,769.0; fuel efficiency vs rated = 1.0",Transmission Service,60,77300.0,64700.0,-38500.0
9,LEA-20-8694,Isuzu NPR,Lahore,2026-01-01,0.246,Medium,vehicle age (yrs) = 6.0; overdue-service load = 0.1; fuel efficiency vs rated = 1.0,Oil Change,53,31500.0,88100.0,21400.0
54,BAB-20-1204,Isuzu NPR,Karachi,2026-01-01,0.241,Medium,vehicle age (yrs) = 6.0; fuel efficiency vs rated = 1.0; lub oil temp mean4w = 79.1,Coolant Flush,0,20200.0,86400.0,31600.0
47,BAB-20-4682,Toyota Hiace,Karachi,2026-01-01,0.227,Medium,"vehicle age (yrs) = 6.0; km since transmission service = 82,048.0; km since brake service = 0.0",Transmission Service,37,77300.0,58800.0,-42000.0
21,ICT-23-6424,Toyota Hiace,Islamabad,2026-01-01,0.226,Medium,"fuel efficiency change = 0.0; km since brake service = 28,552.0; lub oil pressure mean4w = 4.5",Brake Inspection,43,25300.0,58600.0,9900.0
3,LEA-20-3209,Toyota Hiace,Lahore,2026-01-01,0.224,Medium,vehicle age (yrs) = 6.0; preventive 90d = 3.0; fuel efficiency change = 0.0,Oil Change,23,19700.0,58100.0,15200.0
5,LEA-22-4956,Toyota Hiace,Lahore,2026-01-01,0.215,Medium,"vehicle age (yrs) = 4.0; km driven (30d) = 4,230.0; preventive 90d = 3.0",Engine Tune-Up,0,35100.0,55900.0,-1600.0
56,BAB-22-1810,Mercedes Sprinter,Karachi,2026-01-01,0.192,Medium,"km since transmission service = 81,214.0; vehicle age (yrs) = 4.0; fuel efficiency vs rated = 0.9",Transmission Service,35,108200.0,49300.0,-78600.0
37,ICT-23-9257,Isuzu NPR,Islamabad,2026-01-01,0.182,Medium,"overdue-service load = 0.2; km since engine tune-up = 35,877.0; km since transmission service = 76,471.0",Oil Change,63,31500.0,65300.0,7700.0
6,LEA-22-7014,Toyota Hiace,Lahore,2026-01-01,0.174,Medium,"vehicle age (yrs) = 4.0; km driven (30d) = 4,337.0; preventive 90d = 3.0",Oil Change,43,19700.0,45200.0,7400.0
43,ICT-23-5544,Mercedes Sprinter,Islamabad,2026-01-01,0.171,Medium,"km since transmission service = 79,436.0; overdue-service load = 0.2; fuel efficiency vs rated = 0.9",Oil Change,66,27500.0,44000.0,-1100.0
1,LEA-20-1335,Toyota Hiace,Lahore,2026-01-01,0.168,Medium,"vehicle age (yrs) = 6.0; km since engine tune-up = 38,158.0; km since brake service = 0.0",Engine Tune-Up,27,35100.0,43500.0,-9000.0
52,BAB-21-2502,Isuzu NPR,Karachi,2026-01-01,0.156,Medium,"vehicle age (yrs) = 5.0; km since transmission service = 60,561.0; engine rpm mean4w = 1,052.2",Transmission Service,1,123700.0,55800.0,-90200.0
44,ICT-22-8054,Mercedes Sprinter,Islamabad,2026-01-01,0.152,Medium,"vehicle age (yrs) = 4.0; km since engine tune-up = 37,211.0; fuel efficiency vs rated = 1.0",Engine Tune-Up,24,49200.0,39000.0,-25800.0
39,ICT-20-4908,Mercedes Sprinter,Islamabad,2026-01-01,0.15,Medium,vehicle age (yrs) = 6.0; overdue-service load = 0.1; fuel efficiency vs rated = 0.9,Oil Change,37,27500.0,38600.0,-4400.0
42,ICT-21-6012,Mercedes Sprinter,Islamabad,2026-01-01,0.145,Low,vehicle age (yrs) = 5.0; fuel efficiency change = 0.0; fuel pressure mean4w = 8.8,Brake Inspection,0,35400.0,37300.0,-13000.0
13,LEA-22-6170,Isuzu NPR,Lahore,2026-01-01,0.144,Low,"vehicle age (yrs) = 4.0; lub oil temp mean4w = 79.1; km since engine tune-up = 39,642.0",Engine Tune-Up,32,56200.0,51800.0,-25200.0
20,LEA-21-3735,Mercedes Sprinter,Lahore,2026-01-01,0.142,Low,"vehicle age (yrs) = 5.0; lub oil temp mean4w = 80.8; km driven (30d) = 4,542.0",Brake Inspection,0,35400.0,36600.0,-13500.0
25,ICT-23-9843,Toyota Hiace,Islamabad,2026-01-01,0.133,Low,"overdue-service load = 0.3; km since brake service = 29,277.0; coolant temp last = 63.9",Oil Change,87,19700.0,34500.0,1000.0
26,ICT-23-2931,Toyota Hiace,Islamabad,2026-01-01,0.124,Low,"km since brake service = 26,430.0; overdue-service load = 0.1; fuel efficiency vs rated = 1.0",Brake Inspection,32,25300.0,32300.0,-5900.0
12,LEA-20-7884,Isuzu NPR,Lahore,2026-01-01,0.122,Low,vehicle age (yrs) = 6.0; fuel efficiency change = 0.0; lub oil pressure last = 2.0,Transmission Service,0,123700.0,43600.0,-97500.0
50,BAB-21-8325,Toyota Hiace,Karachi,2026-01-01,0.098,Low,vehicle age (yrs) = 5.0; coolant pressure mean4w = 1.4; fuel efficiency change = 0.0,Oil Change,0,19700.0,25400.0,-4400.0
11,LEA-20-1712,Isuzu NPR,Lahore,2026-01-01,0.09,Low,vehicle age (yrs) = 6.0; fuel efficiency vs rated = 1.0; harsh braking /100km = 0.9,Coolant Flush,1,20200.0,32100.0,-1000.0
51,BAB-21-3890,Isuzu NPR,Karachi,2026-01-01,0.09,Low,vehicle age (yrs) = 5.0; lub oil temp mean4w = 80.4; fuel efficiency change = 0.0,Coolant Flush,11,20200.0,32300.0,-900.0
53,BAB-23-4008,Isuzu NPR,Karachi,2026-01-01,0.083,Low,"km since transmission service = 63,139.0; lub oil temp mean4w = 78.9; fuel pressure mean4w = 12.1",Engine Tune-Up,6,56200.0,30000.0,-38200.0
34,ICT-22-1524,Isuzu NPR,Islamabad,2026-01-01,0.075,Low,vehicle age (yrs) = 4.0; fuel efficiency change = 0.0; km per l rated = 5.0,Coolant Flush,0,20200.0,27000.0,-4000.0
18,LEA-20-6032,Mercedes Sprinter,Lahore,2026-01-01,0.067,Low,vehicle age (yrs) = 6.0; lub oil pressure mean4w = 4.1; fuel efficiency change = 0.0,Coolant Flush,10,17700.0,17300.0,-7300.0
16,LEA-23-5981,Mercedes Sprinter,Lahore,2026-01-01,0.057,Low,"days since last breakdown = 63.0; km since oil change = 10,927.0; fuel pressure mean4w = 8.6",Coolant Flush,18,17700.0,14700.0,-8900.0
29,ICT-20-9932,Toyota Hiace,Islamabad,2026-01-01,0.057,Low,"vehicle age (yrs) = 6.0; km since oil change = 9,156.0; harsh braking /100km = 0.9",Oil Change,0,19700.0,14800.0,-10800.0
40,ICT-23-6956,Mercedes Sprinter,Islamabad,2026-01-01,0.052,Low,"overdue-service load = 0.2; km since coolant flush = 70,687.0; fuel efficiency vs rated = 0.9",Coolant Flush,77,17700.0,13500.0,-9600.0
28,ICT-22-4676,Toyota Hiace,Islamabad,2026-01-01,0.05,Low,"vehicle age (yrs) = 4.0; km since oil change = 8,687.0; lub oil temp last = 73.3",Transmission Service,0,77300.0,13000.0,-69500.0
41,ICT-21-2136,Mercedes Sprinter,Islamabad,2026-01-01,0.04,Low,vehicle age (yrs) = 5.0; fuel efficiency vs rated = 0.9; days since last breakdown = 279.0,Transmission Service,0,108200.0,10400.0,-102000.0
8,LEA-22-5239,Toyota Hiace,Lahore,2026-01-01,0.037,Low,vehicle age (yrs) = 4.0; fuel efficiency vs rated = 1.0; preventive 90d = 9.0,Coolant Flush,0,12600.0,9700.0,-6800.0
49,BAB-21-4761,Toyota Hiace,Karachi,2026-01-01,0.036,Low,"vehicle age (yrs) = 5.0; km driven (30d) = 3,955.0; harsh braking /100km = 1.2",Engine Tune-Up,0,35100.0,9400.0,-29500.0
38,ICT-23-3642,Isuzu NPR,Islamabad,2026-01-01,0.035,Low,"km since brake service = 23,144.0; km driven (30d) = 3,972.0; lub oil temp last = 74.1",Brake Inspection,16,40500.0,12500.0,-33000.0
7,LEA-23-6889,Toyota Hiace,Lahore,2026-01-01,0.032,Low,"km since transmission service = 65,063.0; preventive 90d = 3.0; days since last breakdown = 52.0",Transmission Service,8,77300.0,8400.0,-72200.0
31,ICT-23-1312,Isuzu NPR,Islamabad,2026-01-01,0.031,Low,lub oil temp mean4w = 79.1; fuel efficiency change = 0.0; fuel pressure mean4w = 8.5,Engine Tune-Up,1,56200.0,11200.0,-49500.0
55,BAB-20-1955,Isuzu NPR,Karachi,2026-01-01,0.029,Low,vehicle age (yrs) = 6.0; km per l rated = 4.7; fuel efficiency change = 0.1,Oil Change,0,31500.0,10500.0,-25200.0
2,LEA-21-2258,Toyota Hiace,Lahore,2026-01-01,0.021,Low,vehicle age (yrs) = 5.0; fuel efficiency change = 0.0; days since last breakdown = 175.0,Coolant Flush,0,12600.0,5400.0,-9400.0
22,ICT-23-1277,Toyota Hiace,Islamabad,2026-01-01,0.019,Low,lub oil pressure mean4w = 4.9; engine rpm mean4w = 974.8; fuel efficiency change = 0.0,Engine Tune-Up,1,35100.0,5000.0,-32100.0
23,ICT-23-4127,Toyota Hiace,Islamabad,2026-01-01,0.019,Low,lub oil temp mean4w = 80.0; fuel efficiency change = 0.0; lub oil pressure mean4w = 4.0,Coolant Flush,19,12600.0,4900.0,-9700.0
36,ICT-23-3532,Isuzu NPR,Islamabad,2026-01-01,0.017,Low,km per l rated = 4.8; fuel pressure mean4w = 9.4; coolant pressure mean4w = 1.7,Engine Tune-Up,0,56200.0,6200.0,-52500.0
10,LEA-23-6086,Isuzu NPR,Lahore,2026-01-01,0.016,Low,lub oil temp mean4w = 80.2; preventive 90d = 9.0; fuel efficiency change = 0.0,Engine Tune-Up,0,56200.0,5800.0,-52800.0
