id,name,license_number,depot_id,experience_years
1,Naveed Akhtar,LEA-8044616,1,14
2,Sajid Rehman,LEA-1584609,1,10
3,Bilal Ahmed,LEA-1744569,1,15
4,Khalid Mehmood,LEA-3482624,1,4
5,Arslan Butt,LEA-5379924,1,19
6,Rizwan Haider,LEA-7040115,1,11
7,Muhammad Imran,LEA-5416362,1,19
8,Irfan Baig,LEA-4970512,1,4
9,Faisal Iqbal,ICT-9440437,2,10
10,Kashif Mehmood,ICT-2449170,2,14
11,Adnan Siddiqui,ICT-6145551,2,10
12,Usman Ghani,ICT-5880201,2,9
13,Asif Javed,ICT-5261404,2,4
14,Hamza Tariq,ICT-8268376,2,8
15,Danish Qureshi,ICT-3402780,2,5
16,Shahid Hussain,ICT-9583954,2,7
17,Rashid Ali,ICT-3984120,2,14
18,Ali Raza,ICT-5905039,2,13
19,Zubair Khan,BAB-5686051,3,13
20,Junaid Malik,BAB-8648000,3,8
21,Waqas Ahmad,BAB-4950202,3,20
22,Saeed Anwar,BAB-3561030,3,2
23,Noman Sheikh,BAB-1194508,3,7
24,Tahir Mahmood,BAB-4273103,3,3
