id,depot_id,vehicle_type,year,make_model,fuel_type,km_per_l,odometer_start_km,registration,status
1,1,Cargo Van,2020,Toyota Hiace,Diesel,8.87,103281,LEA-20-1335,active
2,1,Cargo Van,2021,Toyota Hiace,Diesel,9.79,112817,LEA-21-2258,active
3,1,Cargo Van,2020,Toyota Hiace,Diesel,8.74,26702,LEA-20-3209,active
4,1,Cargo Van,2022,Toyota Hiace,Diesel,9.21,101838,LEA-22-2030,active
5,1,Cargo Van,2022,Toyota Hiace,Petrol,7.61,30524,LEA-22-4956,active
6,1,Cargo Van,2022,Toyota Hiace,Diesel,9.72,57864,LEA-22-7014,active
7,1,Cargo Van,2023,Toyota Hiace,Diesel,9.88,88627,LEA-23-6889,active
8,1,Cargo Van,2022,Toyota Hiace,Diesel,8.95,66044,LEA-22-5239,active
9,1,Box Truck,2020,Isuzu NPR,Diesel,4.86,78568,LEA-20-8694,active
10,1,Box Truck,2023,Isuzu NPR,Diesel,5.09,109329,LEA-23-6086,active
11,1,Box Truck,2020,Isuzu NPR,Diesel,4.93,101495,LEA-20-1712,active
12,1,Box Truck,2020,Isuzu NPR,Diesel,5.06,125445,LEA-20-7884,active
13,1,Box Truck,2022,Isuzu NPR,Diesel,5.01,103780,LEA-22-6170,active
14,1,Box Truck,2021,Isuzu NPR,Diesel,5.19,68671,LEA-21-6711,active
15,1,Box Truck,2022,Isuzu NPR,Diesel,5.21,33474,LEA-22-6087,active
16,1,Sprinter Van,2023,Mercedes Sprinter,Diesel,7.5,99993,LEA-23-5981,active
17,1,Sprinter Van,2021,Mercedes Sprinter,Diesel,7.34,52798,LEA-21-1815,active
18,1,Sprinter Van,2020,Mercedes Sprinter,Diesel,8.08,68989,LEA-20-6032,active
19,1,Sprinter Van,2021,Mercedes Sprinter,Diesel,7.33,30729,LEA-21-8153,active
20,1,Sprinter Van,2021,Mercedes Sprinter,Diesel,7.9,41655,LEA-21-3735,active
21,2,Cargo Van,2023,Toyota Hiace,Diesel,9.61,65339,ICT-23-6424,active
22,2,Cargo Van,2023,Toyota Hiace,Diesel,9.46,109851,ICT-23-1277,active
23,2,Cargo Van,2023,Toyota Hiace,Diesel,9.46,59744,ICT-23-4127,active
24,2,Cargo Van,2020,Toyota Hiace,Diesel,9.46,92978,ICT-20-4930,active
25,2,Cargo Van,2023,Toyota Hiace,Diesel,9.38,38613,ICT-23-9843,active
26,2,Cargo Van,2023,Toyota Hiace,Petrol,8.2,104743,ICT-23-2931,active
27,2,Cargo Van,2021,Toyota Hiace,Diesel,9.2,95532,ICT-21-3488,active
28,2,Cargo Van,2022,Toyota Hiace,Petrol,7.7,67792,ICT-22-4676,active
29,2,Cargo Van,2020,Toyota Hiace,Petrol,8.54,31841,ICT-20-9932,active
30,2,Cargo Van,2021,Toyota Hiace,Diesel,9.81,91391,ICT-21-8679,active
31,2,Box Truck,2023,Isuzu NPR,Diesel,5.02,79769,ICT-23-1312,active
32,2,Box Truck,2022,Isuzu NPR,Diesel,5.25,87597,ICT-22-3105,active
33,2,Box Truck,2020,Isuzu NPR,Diesel,5.3,79090,ICT-20-8394,active
34,2,Box Truck,2022,Isuzu NPR,Diesel,4.98,19565,ICT-22-1524,active
35,2,Box Truck,2023,Isuzu NPR,Diesel,5.05,40266,ICT-23-8700,active
36,2,Box Truck,2023,Isuzu NPR,Diesel,4.81,112232,ICT-23-3532,active
37,2,Box Truck,2023,Isuzu NPR,Diesel,5.23,22661,ICT-23-9257,active
38,2,Box Truck,2023,Isuzu NPR,Diesel,5.28,49167,ICT-23-3642,active
39,2,Sprinter Van,2020,Mercedes Sprinter,Diesel,7.71,78845,ICT-20-4908,active
40,2,Sprinter Van,2023,Mercedes Sprinter,Diesel,7.53,90930,ICT-23-6956,active
41,2,Sprinter Van,2021,Mercedes Sprinter,Diesel,7.4,107795,ICT-21-2136,active
42,2,Sprinter Van,2021,Mercedes Sprinter,Diesel,7.51,18651,ICT-21-6012,active
43,2,Sprinter Van,2023,Mercedes Sprinter,Diesel,7.84,97470,ICT-23-5544,maintenance
44,2,Sprinter Van,2022,Mercedes Sprinter,Diesel,7.66,34261,ICT-22-8054,active
45,3,Cargo Van,2023,Toyota Hiace,Diesel,9.56,33251,BAB-23-9963,active
46,3,Cargo Van,2021,Toyota Hiace,Diesel,9.31,66353,BAB-21-6978,active
47,3,Cargo Van,2020,Toyota Hiace,Diesel,9.32,50059,BAB-20-4682,maintenance
48,3,Cargo Van,2022,Toyota Hiace,Diesel,8.68,56852,BAB-22-4657,active
49,3,Cargo Van,2021,Toyota Hiace,Diesel,8.89,29387,BAB-21-4761,maintenance
50,3,Cargo Van,2021,Toyota Hiace,Petrol,7.59,118448,BAB-21-8325,active
51,3,Box Truck,2021,Isuzu NPR,Diesel,5.43,46043,BAB-21-3890,active
52,3,Box Truck,2021,Isuzu NPR,Diesel,5.29,103822,BAB-21-2502,active
53,3,Box Truck,2023,Isuzu NPR,Diesel,5.05,66715,BAB-23-4008,active
54,3,Box Truck,2020,Isuzu NPR,Diesel,5.02,26952,BAB-20-1204,active
55,3,Box Truck,2020,Isuzu NPR,Diesel,4.66,67438,BAB-20-1955,active
56,3,Sprinter Van,2022,Mercedes Sprinter,Diesel,7.74,50559,BAB-22-1810,active
57,3,Sprinter Van,2022,Mercedes Sprinter,Diesel,7.1,36007,BAB-22-7943,active
58,3,Sprinter Van,2020,Mercedes Sprinter,Diesel,7.45,101543,BAB-20-7500,active
