id,vin,make_model,vehicle_type,year,depot_id,mpg,odometer_start,status
1,FLB10433218,Ford Transit,Cargo Van,2020,1,20.856017483135457,64176,active
2,JMT00133890,Ford Transit,Cargo Van,2021,1,23.034621188030332,70101,active
3,SBV86379402,Ford Transit,Cargo Van,2020,1,20.56760254245145,16592,active
4,WWM42351161,Ford Transit,Cargo Van,2022,1,21.65213314842206,63279,active
5,SON40781618,Ford Transit,Cargo Van,2022,1,21.061651679669065,18967,active
6,OGY59310341,Ford Transit,Cargo Van,2022,1,22.85557112897184,35955,active
7,SRP47525534,Ford Transit,Cargo Van,2023,1,23.239965327664837,55070,active
8,ROS19283276,Ford Transit,Cargo Van,2022,1,21.05477829082844,41038,active
9,REN83503056,Isuzu NPR,Box Truck,2020,1,11.4246704395026,48820,active
10,IPV95376724,Isuzu NPR,Box Truck,2023,1,11.97004445340825,67934,active
11,OIG88496965,Isuzu NPR,Box Truck,2020,1,11.591442273357636,63066,active
12,EYY71012269,Isuzu NPR,Box Truck,2020,1,11.90728231075872,77948,active
13,WRX97848018,Isuzu NPR,Box Truck,2022,1,11.788719869707062,64486,active
14,GWL51462704,Isuzu NPR,Box Truck,2021,1,12.219266438618448,42670,active
15,WKI81489325,Isuzu NPR,Box Truck,2022,1,12.258492601804727,20800,active
16,ZTP80957015,Mercedes Sprinter,Sprinter Van,2023,1,17.634226485253844,62133,active
17,XII03911718,Mercedes Sprinter,Sprinter Van,2021,1,17.267604544576912,32807,active
18,IWU78248963,Mercedes Sprinter,Sprinter Van,2020,1,19.0160750634488,42868,active
19,POE34657871,Mercedes Sprinter,Sprinter Van,2021,1,17.243859170733725,19094,active
20,ETO50983930,Mercedes Sprinter,Sprinter Van,2021,1,18.585533509042232,25883,active
21,RQF03105183,Ford Transit,Cargo Van,2023,2,22.59746969513572,40600,active
22,ZAM38299737,Ford Transit,Cargo Van,2023,2,22.25537745537339,68258,active
23,RPP11656670,Ford Transit,Cargo Van,2023,2,22.240557456401916,37123,active
24,ICI10651333,Ford Transit,Cargo Van,2020,2,22.24595510365215,57774,active
25,GDP62473178,Ford Transit,Cargo Van,2023,2,22.07433697643778,23993,active
26,NZD80132677,Ford Transit,Cargo Van,2023,2,22.694417048422395,65084,active
27,SUY26064746,Ford Transit,Cargo Van,2021,2,21.64836166200697,59361,active
28,VID87234309,Ford Transit,Cargo Van,2022,2,21.29723436693232,42124,active
29,DGF50097882,Ford Transit,Cargo Van,2020,2,23.644435442357835,19785,active
30,PLM21913619,Ford Transit,Cargo Van,2021,2,23.06510619005063,56788,active
31,QNQ09169985,Isuzu NPR,Box Truck,2023,2,11.799068982008537,49566,active
32,WEA53462475,Isuzu NPR,Box Truck,2022,2,12.351733398815565,54430,active
33,QIW79911838,Isuzu NPR,Box Truck,2020,2,12.476008341119956,49144,active
34,NZP13542784,Isuzu NPR,Box Truck,2022,2,11.72258892440126,12157,active
35,GVJ80841241,Isuzu NPR,Box Truck,2023,2,11.88521740507103,25020,active
36,GFQ24493534,Isuzu NPR,Box Truck,2023,2,11.320027671597911,69738,active
37,OQK01640052,Isuzu NPR,Box Truck,2023,2,12.29829644643226,14081,active
38,ICX78680112,Isuzu NPR,Box Truck,2023,2,12.41429121244066,30551,active
39,YCW98262045,Mercedes Sprinter,Sprinter Van,2020,2,18.14268572196904,48992,active
40,PKZ33158692,Mercedes Sprinter,Sprinter Van,2023,2,17.721588114251784,56501,active
41,KYS26025634,Mercedes Sprinter,Sprinter Van,2021,2,17.40426665304001,66981,active
42,TYO16073375,Mercedes Sprinter,Sprinter Van,2021,2,17.656435895401504,11589,active
43,WPG30365414,Mercedes Sprinter,Sprinter Van,2023,2,18.438275232707024,60565,active
44,QCG68501429,Mercedes Sprinter,Sprinter Van,2022,2,18.01124470685492,21289,active
45,YKM96556981,Ford Transit,Cargo Van,2023,3,22.491184293632937,20661,active
46,BEQ40608835,Ford Transit,Cargo Van,2021,3,21.891665967039636,41230,active
47,UZS59514846,Ford Transit,Cargo Van,2020,3,21.91230996800296,31105,active
48,KTZ48236629,Ford Transit,Cargo Van,2022,3,20.408176280334605,35326,active
49,PUD80443699,Ford Transit,Cargo Van,2021,3,20.90302848963837,18260,active
50,GQO77387214,Ford Transit,Cargo Van,2021,3,21.003973039103933,73600,active
51,BCP95134332,Isuzu NPR,Box Truck,2021,3,12.779536978671638,28610,active
52,FZP79176936,Isuzu NPR,Box Truck,2021,3,12.442509341080251,64512,active
53,DJP20163287,Isuzu NPR,Box Truck,2023,3,11.876737465279422,41455,active
54,WCN17278895,Isuzu NPR,Box Truck,2020,3,11.796580154459662,16747,active
55,WPO86872774,Isuzu NPR,Box Truck,2020,3,10.963607746084593,41904,active
56,PRV48734714,Mercedes Sprinter,Sprinter Van,2022,3,18.21396204209905,31416,active
57,TNE58122362,Mercedes Sprinter,Sprinter Van,2022,3,16.698547931050392,22374,active
58,AYX66587603,Mercedes Sprinter,Sprinter Van,2020,3,17.523456561842575,63096,active
